Serial,id,title,description,tatik,supplier code,publication locatio ,name of publication,number of pages,year of hebrew public,year of publication,price in $,price in NIS,date of price update,discount,mastav,status,name of author,misc,name at eng,price nis no vat,code publisher,code of publishing,outhor name ,,,מחיר קבוע
100063,1,סולו,רומן על סופר יהודי ופטריוט מצרי בימי פרשת דרייפוס,Solo,7502,"ת""א",ספרית פועלים,184,,1998,16,52,1998-03-30 0:00:00,30,965-04-2347-8,,"בלס,שמעון",,,,,,"Ballas,S.",,FALSE,FALSE
100064,81,הגדה של פסח-חוברת מבוארת ומאויירת,,Hagadah Shel Pesah,7502,,,32,,1998,5,15,1998-03-30 0:00:00,30,,,,,,,,,,,FALSE,FALSE
100065,42,שיחות עם אריה עמית,על המצב החברתי-פשיעתי בישראל; שיחות עם מפקד משטרת ירושלים לשעבר,Sihot Im Arie Amit,7502,"ת""א",ספרית פועלים,168,,1998,16,52,1998-03-30 0:00:00,30,965-04-2345-1,,"משגב,חיים",,,,,,"Migav,H.",,FALSE,FALSE
100066,120,שביל ישראל,"מסלולי טיול ברחבי ארץ-ישראל, מלווים ציורים של יעקב בוצ'ן; תבנית אלבומית",Shevil Israel,7102,ירושלים,כרטא,160,,1998,46,150,1998-03-30 0:00:00,30,965-220-401-3,,"בוצ'ן,יעקב; בהשתתפות חזי מרוז",,,,,,"Buchan,Y.",,FALSE,FALSE
100067,32,תחיינה העצמות האלה,"סיפורי גבורת-נפש של יהודים בני זמנינו אשר התעלו מתהומות יאוש,לאחר השואה",Tihyena Haatsamot Ha'ele,7910,בני-ברק,גנזך קידוש השם,384,,1998,24,57,1998-03-30 0:00:00,25,,,"לב,ברוך","המחבר: ת""ד 2143, חצור הגלילית",,,,,"Lev,B.",,FALSE,FALSE
100069,42,הזמנה לחתונה,"שיחות לקראת הנישואין; מעין ספר הדרכה לכלות, בעיקר לחילוניות",Hazmana Lehatuna,8105,בית אל,דור,86,,1998,11,36,1998-03-30 0:00:00,30,,,"אלון,אמונה",,,,,,"Elon,Emuna",,FALSE,FALSE
100070,10,"שירת ישראל בתימן, כרך א",ממבחר השירה השבזית-תימנית; תבנית אלבומית; עם ביאורים והערות,"Shirat Israel BeTeman, vol. 1",6009,קרית אונו,"מכון משנת הרמב""ם",542,,1998,68,,1998-03-30 0:00:00,0,,,"הלוי,רצון",,,95,,,"Halevi,Ratson",,FALSE,FALSE
100071,48,The Determinants of Separations from Employment,"Israel,1969-1992 (Discussion Paper No.98.02)",The Determinants of Separations from Employment,7257,Jerusalem,,38,,1998,12,,1998-03-30 0:00:00,,,,,,,,,,Beenstock&Klinov,,FALSE,FALSE
100072,80,Jews And Medicine,"Religion,Culture,Science;Based on the exhibit at Beth Hatefutsot",Jews And Medicine,6108,Philadelphia-Jerusalem,,275,,1995,66,,1998-03-30 0:00:00,0,0-8276-0644-3,,,,,128,,,"Berger,Natalya (ed.)",,FALSE,FALSE
100073,81,זה היום עשה ה',לקט דרשות ומאמרים ליום העצמאות,Ze Hayom Asa Hashem,8105,ירושלים,ארז,75,,1998,13,,1998-03-31 0:00:00,,,,"הרב שאול ישראלי זצ""ל",,,15,,,"Israeli,Shaul,Rabbi",,FALSE,FALSE
100074,100,"מלילות-מחקרים תורניים, כרך א'","מחקרים בהלכה ורפואה,חברה,נזיקין,שבת,בית-כנסת,הגנה ובטחון,אורחים;מעזבונו של הרב שמעון בירן הי""ד","Melilot-Mehkarim Toraniim,1",8105,קרית ארבע,מכון לרבני ישובים,443,,1997,34,,1998-03-31 0:00:00,,,,"לרמן,שמואל (עורך)","ת""ד 1613, קרית ארבע",,45,,,"Lerman,S. (ed.)",,FALSE,FALSE
100075,95,ספר שבות יצחק,"דיני מיקרוגל,דוד שמש,גרמא,חשמל; מפתחות",Sefer Shevut Itshak,7910,ירושלים,"ישיבת הר""ן",268,,1998,22,,1998-03-31 0:00:00,,,,"דרזי,יצחק","המחבר: זריצקי 4, רמות ד, י-ם,02-5861496",,30,,,"Drezi,Itshak",,FALSE,FALSE
100076,95,"משפטי התורה, א-ג",תשובות לשאלות אקטואליות בדיני ממונות ובין אדם לחברו,"Mishpete Hatora,1-3",7910,ירושלים,"מכון ללימוד חו""מ ואב""ע",954,,1998,90,,1998-03-31 0:00:00,,,,"שפיץ,צבי","רובין 10, רמות ד, י-ם",,120,,,"Shpits,Z.",,FALSE,FALSE
100077,90,"שערי תוספות- בבא קמא, פרק חמישי","ביאור ופירוש כל דיבורי התוספות לפרק ""שור שנגח את הפרה""; הערות,שאלות וסיכומים","Shaare Tosafot,B""K,Chapter 5",7910,ירושלים,"מכון ת""ם",233,,1998,28,,1998-03-31 0:00:00,,,,"אוקסנברג,דוד הכהן","המכון:02-5371332, המחבר: רח' הרב סורוצקין 51, ירושלים , 02-5386098",,37,,,"Oxenberg,D.Hakohen",,FALSE,FALSE
100078,100,ספר חמדה גנוזה - דברי חיים,"שיחות, הנהגות, קורות ועובדות של אב""ד קהילת צאנז מרן חיים הלברשטאם זצ""ל",Sefer Hemda Genuza-Divre Hayim,7910,ברוקלין,מכון חבת הקודש,180,,1998,22,,1998-03-31 0:00:00,,,,"הלברשטאם,סיני",00-1-718-851-8075,,30,,,"Halbershtam,Sinai",,FALSE,FALSE
100079,95,ספר תורת היחוד,דינים בהלכות ייחוד,Sefer Torat Hayihud,7910,אשדוד,המחבר,207,,1998,21,,1998-03-31 0:00:00,,,,"שוימר,מנחם מנדל","רח' רבי מאיר בעל הנס 28/11, אשדוד",,28,,,"Shvimer,M.M.",,FALSE,FALSE
100080,86,"ילקוט חמישאי על התורה, א-ה","לקט אמרות ופירושים בדרך פרד""ס, הנהגות ועובדות מגדולי ישראל, לפי סדר פרשת השבוע","Yalkut Hamishai Al Hatora, 1-5",7910,גדרה,"גמ""ח חמישאי",,,1998,150,,1998-03-31 0:00:00,,,,"חריף,משה ח.","הרב יששכר כריף, רח' יששכר 1, גדרה, 08-592257",,200,,,"Harif,Moshe H.",,FALSE,FALSE
100081,95,ספר מורשת משה,"שו""ת בארבעת חלקי השו""ע, וחידושים למקרא ולתלמוד מאת הרב משה מרצייאנו זצ""ל",Sefer Moreshet Moshe,7910,לוד,אורות יהדות המגרב,370,,1998,26,,1998-03-31 0:00:00,,,,"עמאר,משה (עורך ומהדיר)",08-9228444,,35,,,"Amar,Moshe (ed.)",,FALSE,FALSE
100082,60,ספר מאיר עיני חכמים,"עובדות והנהגות חייו של בעל ה""חפץ חיים"" ו""המשנה ברורה"" רבי ישראל מאיר הכהן מראדין, על-פי ראיונות אישיים ושיחות מיוחדות עם עדי ראיה ושמיעה",Sefer Meir Eine Hakhamim,7910,ירושלים,מכון מורשת הישיבות,478,,1998,52,,1998-03-31 0:00:00,,,,"מערכת ""מאיר עיני ישראל""","ת""ד 5158, י-ם",,70,,,,,FALSE,FALSE
100083,100,ספר יקרא דשבתא,"ענינים נוראים ממעלת השבת, לפי ליקוטי מוהר""ן קמא ושיחות הר""ן",Sefer Yikra Deshabta,7910,ירושלים,מכון תורת הנצח,438,,1998,26,,1998-03-31 0:00:00,,,,הרב נחמן מטשעהרין,"ת""ד 50022,י-ם",,35,,,Rw Nahman Mitshehrin,,FALSE,FALSE
100084,85,"מן הרמתים צופים, שמואל א' פרק א'","פרשנות בספר שמואל, בצורה של שיחות להוראה","Min Haramataim Tsofim,Shmuel a,Chapter 1",8105,מרכז שפירא,ישיבת אור עציון,153,,1998,20,,1998-03-31 0:00:00,,,,"בכרך,יהושע",,,27,,,"Bakhrakh,Y.",,FALSE,FALSE
100085,100,"ספר זכרון להגאון רבי שילה רפאל זצ""ל","גנוזות ראשונים ואחרונים, חידושי תורה, פסקי דין,חסידות,הגות ומחשבה","Sefer Zikaron Lehagaon Rabbi Shilo Refa'el ZTS""L",8105,ירושלים,מוסד הרב קוק,623,,1998,24,,1998-03-31 0:00:00,,,,"מובשוביץ,יוסף אליהו הלוי (עורך)","סופק ע""י קרליבך",,33,,,"Movashovits,Y.E.(ed.",,FALSE,FALSE
100086,90,"ספר גליונות מהרש""ם","הערות וחידושים על ירושלמי ושו""ע ופוסקים ראשונים ואחרונים, כפי שרשם המחבר בגליונות הספרים","Sefer Gilionot Maharsha""m",7910,ירושלים,,216,,1998,24,,1998-03-31 0:00:00,,,,"הרב שלום מרדכי הכהן שבדרון זצ""ל","עיצוב ממוחשב: אברהם שטרן, טלפקס 02-5322105",,33,,,"Shevadron,S.M.H.",,FALSE,FALSE
100087,100,ספר המוסר והיראה,הועתק מכתב-יד של המחבר,Sefer Hamusar Vehayir'a,6000,ירושלים,מכון מאור הרים,79,,1998,12,,1998-03-31 0:00:00,,,,הרב יונתן משה דוב הלוי מוואלין,"תד 50300,י-ם",,16,,,Harav Y. MiVohlin,,FALSE,FALSE
100088,96,ספר גנת ביתן,"מאת הרב המקובל יצחק ב""ר אברהם הכהן מחכמי תארודאנת במרוקו;נפטר 1619",Sefer Ginat Bitan,7910,לוד,אורות יהדות המגרב,176,,1998,26,,1998-03-31 0:00:00,,,,"חלמיש,משה (ההדיר,ערך,הוסיף מבוא ומראי מקום)",08-9228444,,35,,,"Halamish,M. (ed.)",,FALSE,FALSE
100089,81,הגדה של פסח - חקת הפסח,"דיני ליל הסדר ופירוש רחב על ההגדה לרב משה פיזאנטי מחכמי א""י בדוורו של רבי יוסף קארו, ופירושו של הרב שלמה ברוך מחכמי יוון באותו הדור",Hagadah Shel Pesah-Hukat Haprsah,7910,לוד,אורות יהדות המגרב,276,,1998,26,,1998-03-31 0:00:00,,,,"שפיגל,יעקב שמואל (מבואות,הערות וביאורים)","08-9228444, או הרב משה עמאר, רח' ירושלים 10, בני ברק",,35,,,"Shpigel,Y.S. (ed.)",,FALSE,FALSE
100090,81,סדר חובת ליל שמורים-שבלי הלקט,"דיני ליל הסדר ופירוש ההגדה לרבינו צדקיה ב""ר אברהם הרופא, ע""פ כת""י, עם מבוא,הערות וביאורים",Seder Hovat Lel Shimurim-Shibole Haleket,7910,לוד,אורות יהדות המגרב,160,,1998,24,,1998-03-31 0:00:00,,,,"שפיגל,יעקב שמואל (עורך)",100089,,33,,,"Shpigel,Y.S. (ed.)",,FALSE,FALSE
100091,81,הגדה של פסח - שפת הים,"פירוש מעוטר מדברי חכמי מזרח ומערב, ספרד ואשכנז",Hagadah Shel Pesah - Sefat Hayam,7910,לוד,אורות יהדות המגרב,144,,1998,19,,1998-03-31 0:00:00,,,,מהרב יצחק גבריאל מאימראן,100089; המחבר: 02-6561393,,25,,,"Meimran,Y.G.",,FALSE,FALSE
100000,90,משניות מסכת פסחים,"עם פירוש רבי עובדיה מברטנורא ופנחס קהתי, בליווית עשרות ציורי צבע של העבודה במקדש",Mishnayot Masekhet Pesahim,8105,ירושלים,מכון המקדש,,,1998,24,56,1998-03-24 0:00:00,0,,,"קהתי,פנחס (בסדרת ""שלשה רגלים"")",,,,,,"Kehati,Pinhas",,FALSE,FALSE
100001,5,יובל לארץ אהבתי,שירי למולדת,Yovel Le'erets Ahavati,6009,חדרה,עיר ותכלת,36,,1998,14,,1998-03-22 0:00:00,0,,,"דורני,יפה",,,25,,,"Dorani,Y.",,FALSE,FALSE
100002,30,תימא (ו),כתב עת לחקר יהדות תימן ותרבותה,Tema:No.6,6009,נתניה,אגודה לטיפוח חברה ותרבות,208,,1998,26,,1998-03-22 0:00:00,0,,,"טובי,יוסף (עורך)",,,35,,,"Tobi,Y.(ed.)",,FALSE,FALSE
100003,30,Tema:No.6,Journal of Judeo-Yemenite Studies,Tema:No.6,6009,Natania,,208,,1998,20,,1998-03-22 0:00:00,0,,,,,,35,,,"Tobi,Yosef (ed.)",,FALSE,FALSE
100004,30,הקישור במורשת יהודי צפון תימן, הקשר בין גשמיות לרוחניות,Hakishur Bemoreshet Yehude Tsefon Teman,6009,נתניה,אגודה לטיפוח חברה ותרבות,120,,1997,18,,1998-03-22 0:00:00,0,,,"בן דוד,אהרן",,,25,,,"Ben-David,A.",,FALSE,FALSE
100005,5,שירת הברבור,שירים של זוג אוהבים; הבעל נפטר,Shirat Habarbur,6110,רמת גן,המחבר,166,,1997,12,40,1998-03-22 0:00:00,30,,,"שגיא,אסי ושמואל ז""ל",,,,,,"Sagi,S.&A.",,FALSE,FALSE
100006,96,תורת המזל,"על פי האסטרולוגיה,הנומרולוגיה והקבלה",Torat Hamazal,6110,"ת""א",המחבר,212,,1997,17,54,1998-03-22 0:00:00,30,,,"שקלים,רמי",069-42383 03-5511257 .טל,,,,,"Shekalim,Rami",,FALSE,FALSE
100007,81,מחזור הדורות-יום כיפור,"ערוך ומבואר בתבנית אלבומית, בליווי איורים צבעוניים, נייר כרומו",Mahzor Hadorot (of Generations)-Yom Kipur,7502,"ת""א",מסורה לעם,448,,1997,23,64,1998-03-22 0:00:00,30,965-448-396-3,,"זילברמן,יונה/מייזליש,שאול (עורך)",,,,,,Zilberman&Meislish,,FALSE,FALSE
100008,100,ועלהו לא יבול,"הנהגותיו והדרכותיו של הרב שלמה זלמן אויערבאך זצ""ל, עם חמישה ממכתביו שטרם ראו אור",Ve'alehu Lo Ibol,7910,ירושלים,העורך,80,,1998,13,,1998-03-24 0:00:00,,,,"סטפנסקי,נחום (עורך)","שמואל כהן - בית-אל;עורך: בן-ציון 24 ב' י-ם; ארז:אברהם כהן: 02-6514441, 052-408924",,10,,,"Stepanski,N. (ed.)",,FALSE,FALSE
100009,105,"היסטוריה, גיליון 1 (טבת תשנ""ח)",כתב עת חדש של החברה ההיסטורית הישראלית על היסטוריה כללית; סיכומים באנגלית,"Historia,1",6110,ירושלים,החברה ההיסטורית הישראלית,152,,1998,23,,1998-03-24 0:00:00,0,0334-4843,,"אשהיים,סטיבן;הד,מיכאל;קצוף,רנון;שחר,שולמית (עורכים)",,,45,,,"Heyd,M.&Others (ed.)",,FALSE,FALSE
100010,95,ספר ברכת שם על הלכות זימון,"עם ציוני מקורות, הוספות וביאורים, ופסקי גדולי ההוראה בדורנו",Sefer Birkat Shem Al Hlkhot Zimun,7910,ירושלים,המחבר,154,,1998,22,,1998-03-24 0:00:00,,,,"מזרחי,שאול",02-5810378,,30,,,"Mizrahi,S.",,FALSE,FALSE
100011,95,ספר למנוע מכשול-חלק ראשון: בשערי ההלכה,הלכות ומנהגים שאנשים נוהגים להכשל בהם מחמת חסרון כיס או חוסר התבוננות,"Sefer Limno'a Mikhshol,1: Be'sha'are Hahalakha",7910,ירושלים,ישיבת אור יום טוב,248,,1998,22,,1998-03-24 0:00:00,,,,"זכאי,אהרן",הפצה: אורי נוריאל 03-6293965,,30,,,"Zakai,A.",,FALSE,FALSE
100012,60,הצדיק מראש פינה,"תולדותיו של הצדיק הנסתר ועושה הנפלאות רבי מסעוד אדרעי ז""ל",Hatsadik merosh Pina,7910,ירושלים,פרי צדיק,312,,1998,25,,1998-03-24 0:00:00,,,,בני ביתו (לקטו וערכו),02-5828251,,34,,,,,FALSE,FALSE
100013,95,עטרת חכמים,"מאמרי הלכה, שו""ת,חילופי מכתבים בתחומי הלכה ומדע",Ateret Hakhamim,7910,ירושלים,מכון מדעי טכנולוגי להלכה,213,,1998,24,,1998-03-24 0:00:00,,,,גדולי התורה וההוראה,"ת""ד 16121, י-ם",,33,,,,,FALSE,FALSE
100014,95,"עטרת שלמה, קובץ זכרון-תשנ""ח","מאמרי בעניני טכנולוגיה ורפואה לאור ההלכה, לזכר הרב שלמה זלמן אויערבאך זצ""ל","Ateret Shomo, Kovets Zikaron, 1998",7910,ירושלים,מכון מדעי טכנולוגי להלכה,288,,1998,22,,1998-03-24 0:00:00,,,,,"תד 16121,י-ם",,30,,,,,FALSE,FALSE
100015,100,"החפץ חיים זצ""ל- א': מחיי אבא; שיחות החפץ חיים","כפי שנרשמו על ידי בנו רבי אריה ליב ז""ל ומקורביו","Hehafets Hayim Z""L,Sihot",7910,בני-ברק,מכון פרדס,236,,1998,22,,1998-03-24 0:00:00,,,,"פרידמן,ר. (עריכה,תרגום והידור)","הפצה: מרכז הספרים 03-6194124, הרצל 2 ב""ב",,30,,,"Fridman,R.",,FALSE,FALSE
100016,30,תולדות היהודים ברוסיה הקרפטית,"בעריכת הרב ד""ר יצחק אלפסי",Toldot Hayehudim BeRusia HaKarpatit,7910,"ת""א",המחבר,208,,1997,25,,1998-03-24 0:00:00,,,,"שפיגל,יהודה",,,33,,,"Shpigel,Y.",,FALSE,FALSE
100017,96,סידור כוונות עץ התדהר - סדר ספירת העומר,"על-פי סידור הרש""ש וכתבי רח""ו",Sidur Kavanot Ets Hatidhar-Seder Sefirat Ha'omer,7910,ירושלים,כולל שמן ששון,404,,1998,28,,1998-03-24 0:00:00,,,,"אילון,תדהר","העורך: חי טייב 50, הר נוף, י-ם",,38,,,"Eilon,Tidhar",,FALSE,FALSE
100018,42,ונפשי יודעת מאד,"מבט לעולמם של פגועי המוח, לפי שיטה אלוקית שהתגלתה באוסטרליה;הדגמות;סיכום באנגלית",Venafshi Yodaat Me'od,7910,ירושלים,המחבר,380,,1998,30,,1998-03-24 0:00:00,,,,"סרבניק,יהודה","אגסי 24, י-ם",,40,,,"Seravnik,Y.",,FALSE,FALSE
100019,100,ספר מצמיח ישועה,"מאמרים מחז""ל ומפרשי המקרא המתארים את הגאולה של ימות המשיח",SeferMatsmi'ah Yeshu'a,7910,ירושלים,המחבר,220,,1998,21,,1998-03-24 0:00:00,,,,"ביבאס,שמואל","בראנד 24/8, הר נוף, י-ם, 02-6518349",,28,,,"Bibas,S.",,FALSE,FALSE
100020,39,"The Constitution of the State of Israel,1996-5756",,"The Constitution of the State of Israel,1996-5756",7320,Jerusalem,,96,,1996,20,,1998-03-24 0:00:00,,965-218-021-1,,,,,,,,,,FALSE,FALSE
100021,5,דברים שבאים מן הלב,,devarim Sheba'im Min Halev,7506,"ת""א",סער,56,,1998,12,38,1998-03-24 0:00:00,30,,,"טלקר,הלנה",,,,,,"Talker,helena",,FALSE,FALSE
100022,5,בצלם איש,הדפסה על נייר צהוב מיוחד,Betselem Ish,7506,"ת""א",סער,31,,1998,10,29,1998-03-24 0:00:00,30,,,"בר-דוד,מור",,,,,,"Bar-David,Mor",,FALSE,FALSE
100023,81,ההגדה המדוייקת איש מצליח,"כולל הלכות נחוצות, מ""ב מסעות,קטעי זוהר,פירוש קצר, תמונות צבעוניות; מהד' שניה",Hahagadah Hamedu'yeket - Ish Matsli'ah,7910,בני-ברק,מכון הרב מצליח,240,,1998,15,,1998-03-24 0:00:00,,,,,ישיבת כסא רחמים 03-6767163;מר מצליח עסיס:050-304426,,20,,,,,FALSE,FALSE
100024,60,התורה המשמחת,"מסכת חייו המופלאה של הרב ר' שלמה זלמן אוירבך זצ""ל;מונות ואיורים;נייר כרומו",Hatora Hamesamahat,7910,בית אל,ספריית בית-אל,384,,1998,30,,1998-03-24 0:00:00,,,,"אליהו,יוסף ורות","המחבר 9973020, המו""ל:02-9973073",,40,,,"Eliahu,Yosef&Rut",,FALSE,FALSE
100025,86,ספר ליקוטי גבריאל,לפיתוח ההבנה בפרשיות השבוע; שאלות ותשובות,Sefer Likute Gavriel,7910,בני-ברק,המחבר,232,,1998,26,,1998-03-24 0:00:00,,,,"גבאי,גבריאל","רח' דון יוסף נשיא 4, ב""ב",,35,,,"Gabai,G.",,FALSE,FALSE
100026,86,"ליקוטי יוסף-מדי שבת בשבתו, סדרה שלישית","מדרשים,מאמרים,שאלות,חידונים ותשבצים בפרשת השבוע","Likute Yosef-Mide Shabat Beshabato,3",7910,ירושלים,המחבר,254,,1997,26,,1998-03-24 0:00:00,,,,"ענתבי,יוסף","פישל 17,י-ם,02-5825788",,34,,,"Antabi,Yosef",,FALSE,FALSE
100027,97,שלשה ספרים נפתחים:סור מרע;בית ישראל;פרי קודש הלולים,"הקדמה ודרך לעץ החיים (הנקרא ""סור מרע ועשה טוב"");דרושים על דרך הקבלה",Shlosha Sefarim Niftahim:Sur Mera...,7910,בית שמש,,464,,1998,30,,1998-03-24 0:00:00,,,,רבי צבי הירש מזידיטשוב,"ת""ד 7376, בית שמש",,35,,,Rw Zvi H.MiZiditsov,,FALSE,FALSE
100028,81,הגדה של פסח,עם ביאורים ואיורים;תבנית אלבומית; מהדורה חמישית משופרת ומורחבת,Hagadah Shel Pesah,7102,ירושלים,כרטא,111,,1998,52,,1998-03-24 0:00:00,0,965-220-402-1,,הרב עדין אבן-ישראל - שטיינזלץ,התקבל מקרליבך,,82,,,"Steinzalts,Adin R'",,FALSE,FALSE
100029,5,כל השירים,מהדורה חדשה ומרכזת של כל שיריו,Kol Hashirim,7902,"ת""א",הקיבוץ המאוחד,304,,1998,27,70,1998-03-24 0:00:00,30,,,דוד פוגל (עורך: אהרן קומם),,,,,,David Fogel,,FALSE,FALSE
100030,120,מצה מצה,"101 מתכונים כשרים לפסח, הכל ממצה; בליווי תמונות מעוררי תיאבון",Matsa Matsa,7902,"ת""א",תמר,156,,1998,24,,1998-03-24 0:00:00,30,,,"קדושים,ג'ני;ביוואנס,דבי",,,65,,,Kedoshim&Bivanes,,FALSE,FALSE
100031,151,"קופסה שחורה, 2 קלטות-שמע","חליפת מכתבים מכאיבה ומרגשת, עתה על קלטות; מספר: שלמה סדן","kufsa Shehora,2 cassettes",7502,"ת""א",ספרים מדברים,,,1998,26,59,1998-03-24 0:00:00,0,,,"עוז,עמוס",,,,,,"Oz,Amos",,FALSE,FALSE
100032,1,גם שוטרים בוכים,"סיפורי משטרה,קיבוץ וילדות",Gam Shoterim Bokhim (Policemen Cry Too),7502,"ת""א",דניאלה די-נור,159,,1998,14,35,1998-03-24 0:00:00,25,965-378-054-9,,"סלע,צביקה",,,,,,"Sela,Tsvika",,FALSE,FALSE
100033,1,אישונים מדברים,סיפור על זהות עצמית אמיתית,Ishonim Medabrim - Talking Pupils,7502,אור יהודה,הד ארצי,176,,1998,15,49,1998-03-24 0:00:00,30,,,"רן,תהל;גסר-אדלסבורג,ענת",,,,,,"Ran,T.&Geser,A.",,FALSE,FALSE
100034,35,ישראל-50 השנים,"סקירה היסטורית של המדינה מבחינת צבא ומדיניות, כלכלה,פוליטיקה ועוד; מפתח מפורט וביבליוגרפיה נרחבת",Israel-50 Hashanim,7502,"ת""א",עם עובד,617,,1998,27,79,1998-03-24 0:00:00,30,965-13-1236-X,,"שחם,דוד",,,,,,"Shaham,David",,FALSE,FALSE
100035,50,תוכניות המגירה למלחמת העולם השלישית,"זירת המזרח התיכון, 1954-1945; הספר יצא גם באנגלית בהוצאת FRANK CASS;הערות ומפתח",Tokhniot Hamegera Lemilhemet Haolam Ha-3,7502,"ת""א",משרד הבטחון,388,,1998,20,65,1998-03-24 0:00:00,30,965-05-0904-6,,"כהן,מיכאל י'",,,,,,"Kohen,M.Y.",,FALSE,FALSE
100036,96,את פתח לו,"פתיחה בזוהר ובקבלה לגילוי צפונות,אישיות,תכונות,בריאות,זיווג,פרנסה וכו'",At Petah Lo,7502,,פאר הקודש-מויאל,114,,1998,18,56,1998-03-24 0:00:00,30,,,"עמוס,אברהם","פאר הקודש-מויאל: טל' 07-6724594, פקס 07-6751465",,,,,"Amos,Avraham",,FALSE,FALSE
100037,35,המאבק לעצמאות של האדריכלות הישראלית במאה ה-20,"תולדות האדריכלות בישראל, בליווי מאות תמונות ואיורים, כולל בצבע",Hamaavak Le'atsmaut Shel Ha'adrikhalut HaIsraelit,7502,"ת""א",משרד הבטחון,280,,1998,54,138,1998-03-24 0:00:00,30,965-05-0916-X,,"אלחנני,אבא",,,,,,"Elhanani,Aba",,FALSE,FALSE
100038,47,ראש המטה הכללי,"אוטוביוגרפיה צבאית של רמטכ""ל; מבצעי אנטבה,ליטני,ביקור סאדאת,לחימה במחבלים ועוד",Rosh Hamate Hekelali,7502,"ת""א",משרד הבטחון,488,,1998,27,78,1998-03-24 0:00:00,30,965-05-0917-8,,"גור,מוטה",,,,,,"Gur,Mota",,FALSE,FALSE
100039,47,מצפון ומים,"אוטוביוגרפיה של מפקד פיקוד הצפון, ונספח צה""ל בארה""ב; צבא ומדיניות",Mitsafon Umiyam (From North&West),7502,"ת""א",משרד הבטחון,272,,1998,35,78,1998-03-24 0:00:00,30,965-05-0905-4,,"גור,מוטה",,,,,,"Gur,Mota",,FALSE,FALSE
100040,5,סודך הכמוס,שירים; איורים:אפרת פלג,Sodekh hakamus,6110,"ת""א",ירון גולן,87,,1998,10,32,1998-03-25 0:00:00,30,,,"אלעזר,נתן (נתקו)",,,,,,"Elazar,N.",,FALSE,FALSE
100041,5,פעם... כשהייתי גדולה,ספושירים; שירים אותנטיים על חוויות ילדים ומנקודת מבטה של אם,Paam... Keshehayiti Gedola,6110,"ת""א",ירון גולן,117,,1998,12,38,1998-03-25 0:00:00,30,,,"ארבלי-רווה,שושנה",,,,,,"Arbeli-Rave,S.",,FALSE,FALSE
100042,5,נגני לי עט,,Nagni Li Et,6110,"ת""א",ירון גולן,40,,1998,8,25,1998-03-25 0:00:00,30,,,"ארנון,אלעד",,,,,,"Arnon,Elad",,FALSE,FALSE
100043,5,שפת אב,,Sefat Av,6110,"ת""א",ירון גולן,86,,1998,10,30,1998-03-25 0:00:00,30,,,"בר,אריה",,,,,,"Bar,Arie",,FALSE,FALSE
100044,32,צבי והפצוע הגרמני,בסערת הכוחות והמלחמה; סיפור אוטוביוגראפי של נער בן 18 בשנות השואה ברוסיה,Zevi Ve'hapatsua Hagermani (The Wounded German),6110,"ת""א",המחבר,160,,1998,13,40,1998-03-25 0:00:00,30,,,"שכטר,הנריק צבי","המחבר: ת""ד 25258,ת""א,03-5713138",,,,,"Shekhter,H.Z.",,FALSE,FALSE
100045,32,ילד תרנגול,"סיפורים אוטוביוגראפיים של נער יהודי בשואה, תוך הסתכלות של המחבר היום על מצבו אז",Yeled Tarnegol (L'enfant Coq),6110,"ת""א",עקד,144,,1998,17,42,1998-03-25 0:00:00,30,,,"רוט,משה (מוריס)","""עקד"" , רח' מרים החשמונאית 25, ת""א",,,,,"Rot,Moshe",,FALSE,FALSE
100046,5,קל וחומר,,Kal Vahomer,6110,"ת""א",ירון גולן,47,,1998,8,25,1998-03-25 0:00:00,30,,,"שפירא,יהודה",,,,,,"Shapira,Y.",,FALSE,FALSE
100047,5,אורות רחוקים,"שירים בתבנית אלבומית, עם ציורי צבע מול כל שיר, נייר כרומו",Orot Rehokim,6110,,המחבר,89,,1998,18,58,1998-03-25 0:00:00,30,,,"הרצוג,ב.",,,,,,"Hertsog,B.",,FALSE,FALSE
100048,35,One Day and 90 Years,The Story of the Jewish National Fund; pictures,One Day and 90 Years,7920,Jerusalem,,116,,1991,25,,1998-03-26 0:00:00,,,,,,,,,,"Shva,Shlomo",,FALSE,FALSE
100049,10,מפגשים בתרבות הערבית-היהודית של ימי הביניים (תעודה יד),דברי הוועידה הרביעית של החברה לחקר התרבות הערבית-היהודית של ימי הביניים,Mifgashim Betarbut Ha-aravit-Heyehudit...(Te'uda #14),6305,"ת""א","אונ' ת""א",252,,1998,30,58.5,1998-03-27 0:00:00,20,,,"בלאו,יהושע ואחרים (עורכים)",,,,,,"Blau,Y.&Others (ed.)",,FALSE,FALSE
100050,10,"סדן, כרך ג'","מחקרים בספרות עברית, עיונים ביצירת י""ל גורדון","Sadan,3",6305,"ת""א","אונ' ת""א",346,,1998,30,58.5,1998-03-27 0:00:00,20,,,"שמיר,זיוה (עורכת)",,,,,,"Shamir,Ziva (ed.)",,FALSE,FALSE
100051,86,ספר גן רוה,גן רווה על התורה;מוצא מים-שינויי נוסחאות ומקורות; דברי חנוך-דברי ביאור,Sefer Gan Rave,7910,ירושלים,מכון נופת צופים,440,,1998,26,,1998-03-27 0:00:00,,,,חנוך העניך ערזאהן מזגיערז,,,35,,,hanokh MiZgierz,,FALSE,FALSE
100052,81,הגדה של פסח - גאולת אברהם,פירושו של רבינו אברהם בן הגאון מוילנא,Hagadah Shel Pesah-Ge'ulat Avraham,7910,ירושלים,מכון אוצר הפוסקים,63,,1997,11,,1998-03-27 0:00:00,,,,בן הגאון מוילנא,"תד 5110,י-ם 02-5382515",,15,,,Ben Haga'on MiVilna,,FALSE,FALSE
100053,81,הגדה של פסח - הגדת הרעיון,"מבואר על-פי חז""ל והשקפת עולמה של תנועת כהנא; הלכות ועיונים:דוד כהן",hagadah Shel Pesah-Hagadat Haraayon,7910,כפר תפוח,ישיבת הרעיון היהודי,128,,1998,15,,1998-03-27 0:00:00,,,,"כהנא,בנימין זאב",03-9366217,,20,,,"Kahanah,B.Z.",,FALSE,FALSE
100054,81,הגדת המדרש המבואר=הגדה של פסח,"לקט מדרשי חז""ל בלשונם המפוזרים במדרש רבה, עם ביאור מלא",Hagadat Hamidrash Hamevo'ar-Hagadah Shel Pesah,7910,ירושלים,מכון המדרש המבואר,334,,1998,24,,1998-03-27 0:00:00,,,,,02-5710811,,32,,,,,FALSE,FALSE
100055,81,הגדה של פסח (עם פסקי הרב מרדכי אליהו),"עם תפילות ובקשות של הרב יוסף חיים, ע""פ פסקי ר' יוסף קארו ורבי יוסף חיים","Hagadah Shel Pesah, Im Piske Harav Mordekhai Eliahu",7910,ירושלים,דרכי הוראה לרבנים,128,,1998,15,,1998-03-27 0:00:00,,,,,,,20,,,,,FALSE,FALSE
100056,95,ספר ויאמר אברהם-הלכות בשר בחלב,"יורה דעה, סימנים פז-צז; כולל פסקי הלכות עם הערות וביאורים",Sefer Vayomer Avraham-Basar Behalav,7910,ירושלים,המחבר,130,,1998,22,,1998-03-27 0:00:00,,,,"עדס,אברהם חיים",02-6413506,,30,,,"Ades,A.H.",,FALSE,FALSE
100057,10,"מפתח למוספים ולמדורים הספרותיים, תשנ""ב,ג,ד,ז; 4 כרכים","של העיתונות העברית היומית בישראל;לפי מחברים ונושאים,ביקורות לספרים בעברית וביידיש ובלועזית; כל כרך כ-500 עמ'","Mafte'ah Lemusafim Sifrutiim,5752-4,7; 4 vols.",9999,"ר""ג",אונ' בר-אילן,,,1998,428,,1998-03-27 0:00:00,0,0792-2485,,"רבינוסוביץ,חיה ואחרים (עורכים)","רבקה תמימה-קלנר, הספריה המרכזית,אונ' בר-אילן, פקס03-5349233, טל'03-5318164",,820,,,"Binosovits,H.&Others",,FALSE,FALSE
100058,1,ועם רוחי גווייתי,"רומן נוגע ללב, קומי,גרוטסקי, ברוטלי ; בסדרת ""הספריה החדשה""",Ve'Im Ruhi Geviyati,7902,"ת""א",הקיבוץ המאוחד-ספרי סימן קריאה,336,,1998,24,62,1998-03-30 0:00:00,30,,,"לאור,יצחק",,,,,,"Laor,Y.",,FALSE,FALSE
100059,1,סקסופון,"רומן על ישראלית צעירה ויפה, שהיא גלגול עם דיבוק של אישה זקנה, ביתו של משיח השקר יעקב פראנק",Sexsophone,7502,"ת""א",בבל,272,,1998,17,55,1998-03-30 0:00:00,30,,,"ק""ן,ניצה",,,,,,"Kann,N.",,FALSE,FALSE
100060,5,הלא,,Ha-Lo,7902,ירושלים,כרמל,100,,1998,13,42,1998-03-30 0:00:00,30,965-407-180-0,,"בר-יוסף,חמוטל",,,,,,"Bar-Yosef,H.",,FALSE,FALSE
100061,5,שירי אהבה,"אלבום שיריו של אלתרמן בתבנית אלבומית, מאוייר על ידי הצייר והמאייר אבנר כץ",Shire Ahava,7902,"ת""א",הקיבוץ המאוחד,144,,1998,59,139,1998-03-30 0:00:00,30,965-02-0109-2,,"אלתרמן,נתן/כץ,אבנר",,,,,,Alterman&Katz,,FALSE,FALSE
100062,46,עוד אני מדבר,שיחות של עיתונאי מפורסם על בעיות החברה בישראל,Od Ani Medaber,7502,ירושלים,כתר,364,,1998,21,69,1998-03-30 0:00:00,30,965-07-0744-1,,"לפיד,יוסף (טומי)",,,,,,"Lapid,J.",,FALSE,FALSE
100092,5,מחומשים,"""דמויות בראשית משוררות עצמן בין דפי הספר""",Mehumashim,7902,"ת""א",תמוז,80,,1997,11,33,1998-03-31 0:00:00,25,,,"כהן,אליעז",,,,,,"Kohen,Eliaz",,FALSE,FALSE
100093,1,מאחורי השפופרת,סיפורים מנופי הארץ,Me'ahore Hashefoferet,7502,"ת""א",רשפים,144,,1998,12,40,1998-03-31 0:00:00,30,965-418-144-4,,"איתן,שולמית",,,,,,"Eitan,Shulamit",,FALSE,FALSE
100094,60,בשירות הציבור,זכרונותיו של איש מפלגת העבודה בשירות הציבור למעלה מחמישים שנה,Besherut Hatsibur,7502,"ת""א",רשפים,154,,1998,12,40,1998-03-31 0:00:00,30,965-418-145-2,,"צחר,משה",,,,,,"Tsahar,Moshe",,FALSE,FALSE
100095,1,מסעות יצחק היהודי ואבו אלעבאס הפיל,"בין בגדאד לאאכן אשר בארץ הפראנקים, בימיו של הקיסר קארולוס הגדול,רומן היסטורי",Masa'ot Itshak Hayehudi VeAbu ElAbas Hapil,7502,ירושלים,תיבל,266,,1997,21,68,1998-03-31 0:00:00,30,965-222-843-5,,"אברהם,פילו מרדכי (תרגם מגרמנית:אשר וילכר)",,,,,,"Avraham,Filo M.",,FALSE,FALSE
100096,42,ישראל חברה רב-תרבותית,"חינוך לסובלנות וכבוד האדם:היסטוריה,סוציולוגיה,ספרות,מוסיקה,טבע ומאכלי עדות בישראל",Israel-Hevra Rav-tarbutit,7502,קרית ביאליק,אח,248,,1998,16,48,1998-03-31 0:00:00,25,965-267-147-9,,"אשרת,ציפורה (עורכת)",,,,,,"Oshrat,Tsipora",,FALSE,FALSE
100097,115,אמהות,"אלבום תצלומים של 160 אמהות מרחבי העולם :הריון ולידה, גידול תינוקות,טיפול באמהות זקנות ועוד; מרגש",Imahot,7502,בני ברק,סטימצקי,208,,1998,31,98,1998-03-31 0:00:00,30,,,"אורבך,עליזה",,,,,,"Orbakh,Aliza",,FALSE,FALSE
100098,115,דוד; שמואל-מלכים,"הטקסט המקראי בליווי קטעי שירה, ציורים צבעוניים של הצייר שוובל, צילומים; תבנית אלבומית","David, Shmuel-Melakhim",7502,ירושלים,,142,,1997,58,190,1998-03-31 0:00:00,30,965-219-018-7,,שוובל,,,,,,Schwebel,,FALSE,FALSE
100099,50,Prospects of Investment in the W.Bank Northern Governorates (Arabic),"Conference Proceedings,2-3 July 1997",Prospects of Investment-W.Bank...(Arabic),6002,Nablus,,242,,1997,30,,1998-03-31 0:00:00,0,,,,,,30,,,"Awartani,H.(ed.)",,FALSE,FALSE
100100,50,Water & Environment:Feb.98 (Arabic-English),A six-monthly magazine dealing in  Water & Environmental issues,Water & Environment:Feb.98,7704,Jerusalem,Palest.Hydrol.Group,,,1998,30,,1998-03-31 0:00:00,0,,,,"Palest.Hydrology Group:POB 25220 Shu'afat,Jer.FAX:5857688,Tel:6565890",,30,,,"Rabman Al-Tamimi,A.",,FALSE,FALSE